{"loss": 0.6923610848585077, "_timestamp": 1686497413.9796, "_runtime": 21.325175046920776, "_step": 0}