{"loss": 0.6949944823953993, "_timestamp": 1686496450.1418052, "_runtime": 79.1230890750885, "_step": 0}